{
  "env": {
    "name": "local",
    "appURL": "https://loginapp-dev.hrblock.com/",
    "imgPath": "/assets/images/",
    "iconPath": "/assets/icon/"
  },
  "server": {
    "consoleBaseApiUrl": "https://localhost",
    "HRBRedirectUrl": "https://hrbcomqa.hrblock.net"
  },
  "endpoints": {
    
    "console": {
    
      "login": "/ciam/console/api/auth/login",
      "appinsights" : "https://api.applicationinsights.io/v1/apps/5998a4bf-85a7-439b-b0a9-8ff966a2cced/query?query=",
      "appinsightsProd" : "https://api.applicationinsights.io/v1/apps/66109415-96ec-450e-bdab-b2d94242da26/query?query=",
      "accesstoken":"/ciam/console/api/ciamconsumer/getCIAMTokens",
      "guid":"/ciam/console/api/auth/generateGuid",
      "generateHash":"/ciam/console/api/auth/generateHash",
      "getIdentifierHash": "/ciam/console/api/auth/GetIdentifierHash",
      "fetchCodeFromMalinator": "/ciam/console/api/auth/fetchCodeFromMalinator",
      "getDetailsEmail": "/ciam/console/api/pingdirectory/email",
      "getDetailsPhone": "/ciam/console/api/pingdirectory/phone",
      "getDetailsUcid": "/ciam/console/api/pingdirectory/ucid"
    },"tools":{
      "getByLogin":"/ciam/tool/api/get-by-login",
      "getByEmail":"/ciam/tool/api/get-by-Email",
      "userLoginHistory":"/ciam/tool/api/getUserLoginHistory"
    },
    "signin": {
      "initiateAuth": "/ciam/login/api/intiateAuth"
    },
    "logout":{
        "logout_base":"/idp/startSLO.ping",
        "target_resource":"TargetResource"
    }
  },
  "ldClient": {
    "key": "5dc9902229d96009b87665c6",
    "ldUser": "PrabhashVS"
  },
  "launch": {
    "url": "//assets.adobedtm.com/f6306126288b/e9e814d2f623/launch-ENc839e85c1857439f954d6f36b8f61a5f-staging.min.js"
  },
  "limit": {
    "interval": 100,
    "idleTimeOut":1140000,
    "idlePopTimer":60000,
    "initiateAuthTimer":270000
  },
  "pingConfig": {
    "host": {
      "pingdirHostname": "https://localhost:4200",
      "pingfedHostname": "https://login-dev.hrblock.com"
    }
  }, "appInsightKey":"b60b6e3f-4737-489f-b84e-7df8014edfd7",
  "SPRedirectURI": {
    "LoginRouterApp": "https://loginapp-dev.hrblock.com/signin",
    "MyBlockApp": "https://account-web-dev.hrblock.com",
    "TXOApp": "https://loginapp-dev.hrblock.com/signin",
    "ChrysalisApp": "https://diyo-dv.hrblock.com"
  }
}
